id;autor;fecha_publicacion;texto_mensaje;etiquetas
1;next yum;2023-10-26T06:02:19;since;flustered whoever coach
2;tired quaintly pish;2023-10-26T07:45:58;grotesque mockingly;inasmuch
3;provided worthy edition;2023-10-25T21:54:32;boohoo before;till yearly
4;nor inasmuch;2023-10-26T14:08:05;ick on hoon;outside sweetly
5;upon poor;2023-10-26T07:11:28;hmph thumb psst;accidentally
6;swelter deserted;2023-10-26T08:57:55;absent;aside far year
7;save sate;2023-10-25T20:12:31;woot extremely;indelible flustered which
8;pro sand er;2023-10-26T14:17:47;yippee around;geez spite
9;jealous woot;2023-10-25T16:46:03;attain scrap optimize;revivify
10;corridor;2023-10-26T14:04:03;what;why
