id;nombre_usuario;correo;clave;nombre_completo;descripcion;seguidos;seguidores;muro;mensajes
1;yuck unaccountably;where readies;uh-huh ha;long-term;edge;that approximate;25169;reconnoitre inasmuch;constitute supposing
2;finally;unless baggy;breach;zowie clearly even;applause actress that;tight rusty;15600;fuzzy watchful;terrible
3;although legalize rarely;bombard woot;congo lumpy;cleverly so all;whether;solidly;20280;knowingly;censor
4;raiment;yum up;yowza;afore indeed;required;before;16938;past towards;indeed yahoo pin
5;miserly freely up;winding ack;distorted lull diffuse;stimulate tensely purple;helplessly lazy;steel;15106;before anenst blissfully;strong spokeswoman
6;effective untrue almost;gee shame;precipitation;hmph;furthermore;for distributor;4080;infantile;gah yuck realistic
7;likewise evenly margarine;half;yak;pertinent;photosynthesise;consequently pfft;5108;trace;since
8;wherever funnel;wearily;driving;mmm;balloon inflame now;daintily phooey;4956;quirkily depot midst;which
9;anti;cabbage soap out;drat like;expensive gah unless;outbid survivor;selfishly alcove;19711;physically round near;and amidst aboard
10;anticipate following;gah however phew;plus;unless;off intently;gah oh towards;26431;robust quest;ugh
